<?xml version="1.0" encoding="utf-8"?>
<modification>
    <name>Multi Language In Url</name>
    <code>Multi_Language_In_Url</code>
    <version>1.0</version>
    <author>Azat Zinnurov</author>
    <link>http://uwebacademy.ru</link>
    <file path="system/config/catalog.php">
        <operation error="abort">
            <search trim="true">
				<![CDATA[
					'startup/startup',
				]]>
			</search>
            <add position="after" trim="true">
				<![CDATA[
					'startup/multi_language_url',
				]]>
			</add>
        </operation>
    </file>
	<file path="system/library/url.php">
        <operation error="abort">
            <search trim="true">
				<![CDATA[
					private $ssl;
				]]>
			</search>
            <add position="after" trim="true">
				<![CDATA[
					private $lang = '';
				]]>
			</add>
        </operation>
        <operation error="abort">
            <search trim="true" index="0">
				<![CDATA[
					}
				]]>
			</search>
            <add position="after" trim="false">
				<![CDATA[
					/**
					*
					*
					* @param	string	$lang
					*/
					public function setParamLanguage($lang) {
						$this->lang = ($lang) ? $lang.'/' : '';
					}
				]]>
			</add>
        </operation>
		<operation error="abort">
            <search trim="true">
				<![CDATA[
					$url = $this->ssl . 'index.php?route=' . $route;
				]]>
			</search>
            <add position="replace" trim="true">
				<![CDATA[
					$url = $this->ssl . $this->lang . 'index.php?route=' . $route;
				]]>
			</add>
        </operation>
        <operation error="abort">
            <search trim="true">
				<![CDATA[
					$url = $this->url . 'index.php?route=' . $route;
				]]>
			</search>
            <add position="replace" trim="true">
				<![CDATA[
					$url = $this->url . $this->lang . 'index.php?route=' . $route;
				]]>
			</add>
        </operation>
    </file>
    <file path="catalog/controller/common/language.php">
    	<operation error="abort">
            <search>
				<![CDATA[
					public function index() {
				]]>
			</search>
            <add position="after">
				<![CDATA[
					/* Set language got from url */
					/* If go to site.ru/en/ this code will set ( en-gb ) language on site */
					$lang = $this->multiLanguageUrl->getLanguageCodeFromUrl();

					if ($lang && $lang !== $this->session->data['language']) {
						$this->session->data['language'] = $lang;
						$url = 'http://'.$_SERVER['HTTP_HOST'].$_SERVER['REQUEST_URI'];
						$this->response->redirect($url);
						exit;
					}
				]]>
			</add>
        </operation>
        <operation error="abort">
            <search>
				<![CDATA[
					$this->response->redirect($this->request->post['redirect']);
				]]>
			</search>
            <add position="replace" trim="true">
				<![CDATA[
					// $this->response->redirect($this->request->post['redirect']);
				]]>
			</add>
        </operation>
        <operation error="abort">
            <search>
				<![CDATA[
					if (isset($this->request->post['redirect'])) {
				]]>
			</search>
            <add position="after" trim="true">
				<![CDATA[
					$url = $this->request->post['redirect'];
					$currentLang = $this->session->data['language'];

					$redirectLink = $this->multiLanguageUrl->generateLinkWithActiveLangInUrl($url, $currentLang);
					$this->response->redirect($redirectLink);
					exit;
				]]>
			</add>
        </operation>
    </file>
    <file path="catalog/controller/common/header.php">
    	<operation error="abort">
            <search>
				<![CDATA[
					public function index() {
				]]>
			</search>
            <add position="after">
				<![CDATA[
					$data['lang_path'] = '';
		
					if ($this->multiLanguageUrl->getDefaultLanguage() !== $this->multiLanguageUrl->getLanguageCodeFromUrl()) {
						$data['lang_path']  = explode('-', $this->multiLanguageUrl->getLanguageCodeFromUrl())[0] . '/';
					}
				]]>
			</add>
        </operation>
    </file>
</modification>